username,password,todo_id
username91,password91,31
username92,password92,32
username93,password93,33
username94,password94,34
username95,password95,35
username96,password96,36
username97,password97,37
username98,password98,38
username99,password99,39
username100,password100,40
username101,password101,41
username102,password102,42
username103,password103,43
username104,password104,44
username105,password105,45
username106,password106,46
username107,password107,47
username108,password108,48
username109,password109,49
username110,password110,50
username111,password111,51
username112,password112,52
username113,password113,53
username114,password114,54
username115,password115,55