username,password,todo_id,subtask_id
username116,password116,56,1
username117,password117,57,2
username118,password118,58,3
username119,password119,59,4
username120,password120,60,5
username121,password121,61,6
username122,password122,62,7
username123,password123,63,8
username124,password124,64,9
username125,password125,65,10
username126,password126,66,11
username127,password127,67,12
username128,password128,68,13
username129,password129,69,14
username130,password130,70,15
username131,password131,71,16
username132,password132,72,17
username133,password133,73,18
username134,password134,74,19
username135,password135,75,20
username136,password136,76,21
username137,password137,77,22
username138,password138,78,23
username139,password139,79,24
username140,password140,80,25