username,password
username141,password141
username142,password142
username143,password143
username144,password144
username145,password145
username146,password146
username147,password147
username148,password148
username149,password149
username150,password150
username151,password151
username152,password152
username153,password153
username154,password154
username155,password155
username156,password156
username157,password157
username158,password158
username159,password159
username160,password160
username161,password161
username162,password162
username163,password163
username164,password164
username165,password165
username166,password166
username167,password167
username168,password168
username169,password169
username170,password170
username171,password171
username172,password172
username173,password173
username174,password174
username175,password175
username176,password176
username177,password177
username178,password178
username179,password179
username180,password180