password,username
password1,username1
password2,username2
password3,username3
password4,username4
password5,username5
password6,username6
password7,username7
password8,username8
password9,username9
password10,username10
password11,username11
password12,username12
password13,username13
password14,username14
password15,username15
password16,username16
password17,username17
password18,username18
password19,username19
password20,username20
password21,username21
password22,username22
password23,username23
password24,username24
password25,username25
password26,username26
password27,username27
password28,username28
password29,username29
password30,username30
password31,username31
password32,username32
password33,username33
password34,username34
password35,username35
password36,username36
password37,username37
password38,username38
password39,username39
password40,username40
password41,username41
password42,username42
password43,username43
password44,username44
password45,username45
password46,username46
password47,username47
password48,username48
password49,username49
password50,username50
password51,username51
password52,username52
password53,username53
password54,username54
password55,username55
password56,username56
password57,username57
password58,username58
password59,username59
password60,username60
password61,username61
password62,username62
password63,username63
password64,username64
password65,username65
password66,username66
password67,username67
password68,username68
password69,username69
password70,username70
password71,username71
password72,username72
password73,username73
password74,username74
password75,username75
password76,username76
password77,username77
password78,username78
password79,username79
password80,username80
password81,username81
password82,username82
password83,username83
password84,username84
password85,username85
password86,username86
password87,username87
password88,username88
password89,username89
password90,username90
password91,username91
password92,username92
password93,username93
password94,username94
password95,username95
password96,username96
password97,username97
password98,username98
password99,username99
password100,username100
password101,username101
password102,username102
password103,username103
password104,username104
password105,username105
password106,username106
password107,username107
password108,username108
password109,username109
password110,username110
password111,username111
password112,username112
password113,username113
password114,username114
password115,username115
password116,username116
password117,username117
password118,username118
password119,username119
password120,username120
password121,username121
password122,username122
password123,username123
password124,username124
password125,username125
password126,username126
password127,username127
password128,username128
password129,username129
password130,username130
password131,username131
password132,username132
password133,username133
password134,username134
password135,username135
password136,username136
password137,username137
password138,username138
password139,username139
password140,username140
password141,username141
password142,username142
password143,username143
password144,username144
password145,username145
password146,username146
password147,username147
password148,username148
password149,username149
password150,username150
password151,username151
password152,username152
password153,username153
password154,username154
password155,username155
password156,username156
password157,username157
password158,username158
password159,username159
password160,username160
password161,username161
password162,username162
password163,username163
password164,username164
password165,username165
password166,username166
password167,username167
password168,username168
password169,username169
password170,username170
password171,username171
password172,username172
password173,username173
password174,username174
password175,username175
password176,username176
password177,username177
password178,username178
password179,username179
password180,username180
password181,username181
password182,username182
password183,username183
password184,username184
password185,username185
password186,username186
password187,username187
password188,username188
password189,username189
password190,username190
password191,username191
password192,username192
password193,username193
password194,username194
password195,username195
password196,username196
password197,username197
password198,username198
password199,username199
password200,username200